Workbook

Sheet Лист1
A1: фаил_растановка | B1: Folder Path | C1: Столбец1 | D1: имя_новое
A2: 60-12-70.pdf | B2: D:\МК_Кран\script_M_Kran\raspulovka_pdfs\ | C2: {=[1]!TextLeft(raspulovka_pdfs[[#This Row],[фаил_растановка]],".")} -> 60-12-70 | D2: =_xlfn.XLOOKUP(raspulovka_pdfs[[#This Row],[Столбец1]],[2]Лист1!$D$2:$D$630,[2]Лист1!$B$2:$B$630) -> GCC-NAG-DDD-12460-12-1500-TK-ISO-00070
A3: 60-12-81.pdf | B3: D:\МК_Кран\script_M_Kran\raspulovka_pdfs\ | C3: {=[1]!TextLeft(raspulovka_pdfs[[#This Row],[фаил_растановка]],".")} -> 60-12-81 | D3: =_xlfn.XLOOKUP(raspulovka_pdfs[[#This Row],[Столбец1]],[2]Лист1!$D$2:$D$630,[2]Лист1!$B$2:$B$630) -> GCC-NAG-DDD-12460-12-1500-TK-ISO-00081
A4: 70-13-109.pdf | B4: D:\МК_Кран\script_M_Kran\raspulovka_pdfs\ | C4: {=[1]!TextLeft(raspulovka_pdfs[[#This Row],[фаил_растановка]],".")} -> 70-13-109 | D4: =_xlfn.XLOOKUP(raspulovka_pdfs[[#This Row],[Столбец1]],[2]Лист1!$D$2:$D$630,[2]Лист1!$B$2:$B$630) -> GCC-NAG-DDD-12470-13-1400-TK-ISO-00109
A5: 70-13-42.pdf | B5: D:\МК_Кран\script_M_Kran\raspulovka_pdfs\ | C5: {=[1]!TextLeft(raspulovka_pdfs[[#This Row],[фаил_растановка]],".")} -> 70-13-42 | D5: =_xlfn.XLOOKUP(raspulovka_pdfs[[#This Row],[Столбец1]],[2]Лист1!$D$2:$D$630,[2]Лист1!$B$2:$B$630) -> GCC-NAG-DDD-12470-13-1400-TK-ISO-00042
A6: 70-13-43.pdf | B6: D:\МК_Кран\script_M_Kran\raspulovka_pdfs\ | C6: {=[1]!TextLeft(raspulovka_pdfs[[#This Row],[фаил_растановка]],".")} -> 70-13-43 | D6: =_xlfn.XLOOKUP(raspulovka_pdfs[[#This Row],[Столбец1]],[2]Лист1!$D$2:$D$630,[2]Лист1!$B$2:$B$630) -> GCC-NAG-DDD-12470-13-1400-TK-ISO-00043
A7: 70-13-44.pdf | B7: D:\МК_Кран\script_M_Kran\raspulovka_pdfs\ | C7: {=[1]!TextLeft(raspulovka_pdfs[[#This Row],[фаил_растановка]],".")} -> 70-13-44 | D7: =_xlfn.XLOOKUP(raspulovka_pdfs[[#This Row],[Столбец1]],[2]Лист1!$D$2:$D$630,[2]Лист1!$B$2:$B$630) -> GCC-NAG-DDD-12470-13-1400-TK-ISO-00044
A8: 70-13-45.pdf | B8: D:\МК_Кран\script_M_Kran\raspulovka_pdfs\ | C8: {=[1]!TextLeft(raspulovka_pdfs[[#This Row],[фаил_растановка]],".")} -> 70-13-45 | D8: =_xlfn.XLOOKUP(raspulovka_pdfs[[#This Row],[Столбец1]],[2]Лист1!$D$2:$D$630,[2]Лист1!$B$2:$B$630) -> GCC-NAG-DDD-12470-13-1400-TK-ISO-00045
A9: 70-13-83.pdf | B9: D:\МК_Кран\script_M_Kran\raspulovka_pdfs\ | C9: {=[1]!TextLeft(raspulovka_pdfs[[#This Row],[фаил_растановка]],".")} -> 70-13-83 | D9: =_xlfn.XLOOKUP(raspulovka_pdfs[[#This Row],[Столбец1]],[2]Лист1!$D$2:$D$630,[2]Лист1!$B$2:$B$630) -> GCC-NAG-DDD-12470-13-1400-TK-ISO-00083
A10: 70-13-97.pdf | B10: D:\МК_Кран\script_M_Kran\raspulovka_pdfs\ | C10: {=[1]!TextLeft(raspulovka_pdfs[[#This Row],[фаил_растановка]],".")} -> 70-13-97 | D10: =_xlfn.XLOOKUP(raspulovka_pdfs[[#This Row],[Столбец1]],[2]Лист1!$D$2:$D$630,[2]Лист1!$B$2:$B$630) -> GCC-NAG-DDD-12470-13-1400-TK-ISO-00097
A11: 70-14-2.pdf | B11: D:\МК_Кран\script_M_Kran\raspulovka_pdfs\ | C11: {=[1]!TextLeft(raspulovka_pdfs[[#This Row],[фаил_растановка]],".")} -> 70-14-2 | D11: =_xlfn.XLOOKUP(raspulovka_pdfs[[#This Row],[Столбец1]],[2]Лист1!$D$2:$D$630,[2]Лист1!$B$2:$B$630) -> GCC-NAG-DDD-12470-14-1400-TK-ISO-00002
A12: 70-14-200.pdf | B12: D:\МК_Кран\script_M_Kran\raspulovka_pdfs\ | C12: {=[1]!TextLeft(raspulovka_pdfs[[#This Row],[фаил_растановка]],".")} -> 70-14-200 | D12: =_xlfn.XLOOKUP(raspulovka_pdfs[[#This Row],[Столбец1]],[2]Лист1!$D$2:$D$630,[2]Лист1!$B$2:$B$630) -> GCC-NAG-DDD-12470-14-1400-TK-ISO-00200
A13: 70-14-3.pdf | B13: D:\МК_Кран\script_M_Kran\raspulovka_pdfs\ | C13: {=[1]!TextLeft(raspulovka_pdfs[[#This Row],[фаил_растановка]],".")} -> 70-14-3 | D13: =_xlfn.XLOOKUP(raspulovka_pdfs[[#This Row],[Столбец1]],[2]Лист1!$D$2:$D$630,[2]Лист1!$B$2:$B$630) -> GCC-NAG-DDD-12470-14-1400-TK-ISO-00003
... A18: 70-14-5.pdf | B18: D:\МК_Кран\script_M_Kran\raspulovka_pdfs\ | C18: {=[1]!TextLeft(raspulovka_pdfs[[#This Row],[фаил_растановка]],".")} -> 70-14-5 | D18: =_xlfn.XLOOKUP(raspulovka_pdfs[[#This Row],[Столбец1]],[2]Лист1!$D$2:$D$630,[2]Лист1!$B$2:$B$630) -> GCC-NAG-DDD-12470-14-1400-TK-ISO-00005
